"lon","lat"
-87.9018037245259,41.7428265464108
-96.8828220647838,36.2762178674897
-95.163937265688,47.803049960175
-84.6569543191839,31.821845593044
-110.726734712372,32.9432869579484
-119.740443866679,43.896251405216
-80.0509139374472,33.5979728954934
-94.1475489365349,35.3581620317565
-102.639819665995,45.8727904674656
-103.466889278143,32.8360472180247
-99.7244405942698,39.1126869328339
-88.7828875610283,43.7193348065571
-92.7904870175824,47.8115005403563
-123.989405363369,47.3451343890513
-82.0189104069071,37.7560862912852
-114.904191366826,35.4637064922387
-121.200690044228,35.9365238314129
-89.9583805277846,46.3835723889414
-72.8558007141963,44.2139170334625
-116.453137546955,41.2795715117499
-88.2742378018441,40.7116834577892
-105.6244083941,47.5456866516031
-95.299099022498,46.7408998474864
-118.25440019793,38.7432399120028
-98.0016770570448,42.7200790857985
-88.4842437278158,44.0443236637964
-119.242801266757,39.9512575358848
-82.5049462655218,35.9864503004973
-90.0447320776358,36.3326721823092
-104.698240003704,39.2052718484111
-71.1375891663882,42.112898207262
-87.0702872436141,39.5917845487333
-120.595080404578,37.0645225761742
-85.7455363397146,35.140293770516
-94.4664025148118,31.7048940310293
-84.7934343840017,37.4632033694647
-112.929570264037,37.9173369170807
-120.092508290649,44.1227118552546
-114.5640280516,35.1581570334151
-119.367919553286,39.7981503492984
-82.5148243770183,36.083272010635
-102.353848019217,45.3100123318946
-113.876745478097,47.3735154006507
-112.7883391252,46.2692298345489
-103.956362317002,30.2987163621515
-89.9038074588352,40.1544710712066
-87.0649051899719,35.1792873283414
-92.174630610686,36.9091917151191
-80.0754150572244,32.9245594818284
-112.679581170649,32.0553783970504
-102.369248242048,45.7282976390857
-81.5896866965807,28.7594704634106
-76.4492309869011,40.7541653769651
-73.4225931630237,41.1628223577665
-122.184315599258,48.6926948333162
-102.055829136431,48.893811405453
-87.5915801737256,32.2566476132942
-93.7896979106136,36.3088614790958
-101.62537450107,38.3214283950873
-114.036625217341,38.1348262082338
-114.966846344704,36.3584847616886
-120.821530667535,42.4276913946354
-110.996245926363,41.1168455404778
-101.056474121382,45.8209553448964
-101.020157755077,34.1269232175458
-88.0354964299612,34.4929854635732
-114.510119782297,45.1072287232975
-112.979730970606,35.7963711930745
-90.6077901525959,47.090441431764
-76.668683560005,40.0009147413202
-90.4665780972421,30.8037938672757
-84.4679535211647,41.1311239770185
-82.6371515359168,44.9548579096238
-73.0293916668942,42.5290442968039
-92.1999769888016,42.8813140499982
-93.0717684071679,30.2892870509299
-93.7642980233804,37.5790922762875
-85.987104610665,31.9357127470805
-103.72819211812,41.1748869684056
-114.502117760219,45.3777011522509
-118.372906568966,48.4107662452701
-108.440435891987,45.6274251802492
-105.068345478884,32.846439152871
-99.7547575064601,40.116463475968
-100.880457561084,34.3285173612396
-81.7037935980264,37.9916278266626
-98.8279887399957,28.1680378549361
-81.9924898359461,36.7268643101567
-99.2692338334591,48.5227716727102
-93.3308740088138,47.737571839191
-75.0745625226173,44.5586940245089
-102.086514731287,29.8197505468307
-106.230355413043,38.7212315371193
-97.1703514647962,39.6902661622126
-122.459499789074,40.5479567945036
-92.7714528985174,37.8289427666051
-117.633673923005,39.2935609532929
-89.4682764958445,37.1670971349179
-99.7607107591669,32.4265127883619
-83.6815274080142,31.6251618951722
-98.8266198970944,28.6167732644822
-113.0954162699,41.6086216205105
-114.509252304755,39.5842658595519
-101.673960214671,42.6022320684296
-108.315094511735,41.9504926126029
-107.388392846996,41.8713109427538
-105.057122654729,39.1071066628539
-76.5601206257313,39.2891823069413
-116.690710304471,45.1451325988224
-99.357147658442,30.0866687778328
-71.5094595811373,44.7550561241055
-113.901503336666,47.5044082146035
-87.8661314728782,42.3782506608232
-102.17173738141,37.9695885744076
-90.5384149355605,46.1491111736464
-72.6609193099032,41.8589215146723
-84.4674580907953,35.3371973849831
-116.694287636614,40.1408728863782
-103.358204979376,41.3358472322693
-100.120569332521,32.6157460480284
-87.4380898349464,42.6160824020543
-86.9695153499195,40.3273008966016
-102.72847139463,34.8915502336782
-107.210595439739,35.8749251369033
-82.4507538837985,29.94068983482
-92.9119564694671,31.9745620561089
-89.5005131014631,30.7182014981116
-90.3554277629597,36.9637273599804
-114.126313496718,48.0581770013129
-117.831057363038,38.5713080373955
-100.353334223141,41.0015470787087
-107.172854743084,36.03610187818
-87.6004248971162,39.7204545393281
-81.2452887322284,34.5020193962186
-96.375909575464,39.1303763085965
-114.233041953794,45.0144630711687
-118.561206163374,37.3048490040635
-96.9702059395566,28.88408026782
-89.5751186597957,36.6952643803417
-88.9624618854987,30.5324072585318
-97.6552310500552,34.8856372083454
-95.6817903777818,31.8988054122331
-81.0453211894037,37.1140319952027
-81.6279781899303,36.6828922292294
-116.758532155589,38.5834075898942
-111.861710833628,43.3903478826371
-110.004489031068,46.7510743553811
-91.000306406335,30.6845259639384
-102.044394927037,40.4561494641268
-118.370491889283,43.6710325752211
-81.6570605434184,39.6969322931796
-88.3729098125791,34.3161354657777
-88.9339912801123,45.2643081132196
-84.0740110260365,39.9516790036109
-108.588780863455,33.1715905606834
-95.8353191123136,29.4868327534501
-85.3679051085952,46.2840830545475
-117.255343883804,39.833876550864
-94.9633984026763,46.4036302437971
-121.818083882737,39.4151085538717
-81.0761355372094,41.8871987776086
-120.186000481523,41.6708153456501
-84.0080138546722,40.3874294738864
-113.282863163681,47.6953830668738
-111.715208723708,36.5446874186297
-123.463971855744,42.2514763254573
-86.3091551433939,43.2358413773444
-83.0406986350469,39.5462501932358
-109.206798320046,42.8955981606105
-111.915448764676,34.1571511626262
-99.2796367945732,29.6317933279791
-113.320601505181,47.5193711410405
-91.455402030754,32.6386090828488
-122.473334937504,38.9466016621819
-103.991278644698,37.5634116550553
-112.263556609285,42.5177421308577
-109.054793249565,40.9588788994461
-115.69128100111,39.4621363018675
-71.9509710493405,41.4539436135073
-113.36173837547,36.0079982013071
-99.277557569686,32.9838748604285
-96.3635284054177,47.001476984979
-93.4023620150572,47.3241249518511
-97.5638230231652,39.1125732603353
-95.1143085145755,38.2887898959355
-111.773006093822,33.7625246672244
-90.8257329368756,46.1098579459849
-102.888475001559,31.0571814349019
-108.407328767312,43.554056319415
-104.449427586041,45.1235531663859
-119.734122698414,39.9048514634963
-90.9570385381267,45.6441780910153
-85.1259218189903,33.0716844078282
-113.756101999197,33.6548459452208
-115.677187445092,34.6504904551878
-75.1764273696478,41.0973661224874
-74.9135140882584,43.1818523192789
-88.9319537347365,39.5588477034204
-98.9323773305645,36.9901703402996
-104.669428869845,40.7348786863451
-91.1564960889963,42.5191023505785
-74.1566196113889,41.9963526945522
-77.2585512505874,39.2987791422334
-121.016605934715,45.1453536212827
-72.7603027523503,41.8994286484794
-94.4348655112991,31.6683828679702
-106.877466648988,44.3815690426737
-115.454051638626,48.941045145409
-118.77006830504,45.0126061617434
-108.467442438926,35.8047376001399
-82.8616874079085,34.1222714167532
-80.9137138726322,38.9833037056431
-103.630948448226,37.7340883671154
-106.886645171837,41.4928906439452
-112.817688943528,39.3737667178062
-81.3535674195016,37.940700515028
-95.5706489392556,35.9561523327409
-112.077339483149,40.7032450884417
-100.530859737867,33.5411079226333
-110.780906261068,44.1667753640038
-82.0803891262592,34.7354297387052
-119.966439530923,39.661910533399
-79.4318130692616,42.0280263409797
-98.372219352884,29.5953410594678
-111.220582848333,45.913575300761
-90.0677101658897,47.5129586468661
-83.5457605648261,34.5638808639341
-78.7869322726018,37.857609467712
-109.564426023458,41.9575514935455
-122.93756938359,44.1313953444973
-112.341035981369,38.0562324069467
-92.0020081111109,37.4114316054322
-99.7229434290755,29.8465550755214
-77.3097533393303,38.9173454481902
-118.509900057536,39.1523785751681
-97.5277892754387,33.8873891737622
-123.818559108106,39.7234800701282
-79.5126723576827,39.1144157529866
-107.613564799203,37.776028985646
-104.42448367024,37.2772178963007
-108.436302999007,36.1747040532811
-78.8954688156835,35.1759512463362
-91.59573006865,31.0148698999917
-99.6033240791585,40.6208743934708
-96.2220869041518,46.3318134494688
-100.954193125223,42.0114980366027
-72.2909317270449,43.2029834537362
-94.1837639504349,44.0048722720776
-109.54397476063,46.1931246752967
-100.073555879908,43.2100818736944
-112.256902126051,43.3056173007387
-87.1685876243755,35.4401913907886
-93.6380040435622,44.6411417305277
-109.029093477103,35.214415888046
-113.250281709563,44.8964405165506
-88.1661934726632,39.4876660693043
-107.51961115948,42.1613133063049
-85.004477950816,43.1693721118409
-113.574690950038,42.5801448239503
-107.325483377815,35.1790046495658
-81.6835101164289,25.9307219973504
-81.6631913747991,38.0705863028504
-95.7162919156102,35.7833787906628
-89.1583823571853,40.5543679743778
-81.1283857371403,33.7090011725275
-99.4485173703275,31.2889356027224
-94.4503476396866,38.3805204931781
-76.3613494208103,35.6661221314996
-95.6103159103141,35.0122219255007
-84.5202907272439,42.1846251544027
-98.5383630368592,34.3013077154129
-72.7097807246571,41.9709823916881
-117.564873215709,38.9375675442606
-108.352574351441,35.3056274640593
-84.5823028151451,32.7932705192469
-99.4631828521433,45.1652478486498
-93.0822150530395,41.4048267418092
-115.482816261541,35.1061301503836
-93.8414815072703,46.6742129813352
-82.9885144736573,30.4205864005365
-83.2894196054122,35.0501385445273
-94.19991926282,46.260027092482
-110.225039577352,41.3206342877079
-96.5782503337885,39.803454917295
-116.598279871225,34.026439264711
-97.1392538389679,39.0057380585606
-101.958533007146,30.2921354754263
-91.0080568978771,42.616325819728
-104.174714925137,35.1173423417651
-84.9832204579303,41.5009324883224
-90.4015621102947,41.190560902339
-95.689819060212,41.8779791928128
-78.5125134408146,37.5858638870884
-92.2590831386393,43.2906782575115
-77.2239708083434,39.1367206907516
-67.2553516001201,45.0468766049594
-110.234119910432,34.4127571475201
-105.617041806252,37.7750879582328
-113.144193679646,35.7722757614719
-111.162665176911,33.8711741823579
-106.709803688279,43.1261289348951
-85.9430394485287,39.1219478688743
-105.493961805291,39.4480928645309
-109.958373686468,45.56402635177
-104.585354162558,47.7616019379115
-108.872473998873,48.0854973957544
-108.929972304697,43.2993363176495
-112.559722119802,46.1301666411264
-101.742040917491,42.367034787085
-105.587128917508,45.7892838465103
-83.7689900660805,44.6000189367873
-121.927846236803,42.4058778141055
-101.501941697915,36.6523407462677
-110.509375885367,38.4782512011735
-101.697328626099,41.3173154363529
-99.4968937443093,43.7419371756839
-98.4324526798217,44.0909221045835
-104.012190293191,41.0711498502799
-93.2148598087832,41.2207327609581
-102.270860801307,46.0579604259972
-112.934641302662,44.1648048110292
-94.3653018011294,44.5021763685222
-88.363645225644,32.9447000912822
-96.9728313854093,36.2746642429839
-94.6469459518483,44.8741855221959
-104.236871915622,41.3538585305397
-99.2870256554561,35.5606227161984
-99.0321624009286,43.1031706567292
-119.222501554778,44.2884200896355
-123.56111425398,40.6846668809352
-103.912896387002,40.2001519624994
-105.125593250067,33.48988790417
-86.0520398225309,40.4459845153059
-92.8724709933685,31.1228476918901
-105.797189335033,33.8358258623844
-96.660446757998,38.0164405825087
-103.432288339323,40.3579144527492
-100.283566543105,43.0528182385601
-110.400307440661,33.3263136186575
-100.917788770333,42.2947686699708
-104.671539599975,39.3232387218587
-96.7428001566412,45.9165792121901
-110.394973916666,48.2380066162472
-109.063566430081,31.6525919149938
-105.211433542908,41.6108895353685
-70.4698813209182,45.5121595701969
-100.188519411725,30.7527340429086
-103.747961556896,33.5862444157007
-94.1691183057518,30.5094560150567
-90.6355084946146,29.9570426019477
-112.062407263226,38.6765435330967
-87.9248040723574,36.2582122606605
-85.5996203538125,32.8267482251751
-121.239304785942,40.9591191732209
-97.0031837864183,36.1385751721145
-96.9940514246042,48.7985724312826
-100.445656157768,39.6857398336717
-83.5425041124342,45.3132921074235
-82.3300010180504,27.5416327179374
-108.822502135347,42.9646772674774
-122.546785770154,40.6751833475901
-107.990343248947,40.4583676150605
-98.1725513588371,40.4901404245749
-83.3031336719681,43.8183807296213
-105.529016669923,36.4416009544056
-96.4073875789839,30.9460636233332
-86.2066750357164,37.7035823288357
-69.8214439174774,46.3544809488324
-105.624209645948,45.0523335159898
-113.398374706381,40.3637572122314
-100.917572472914,48.6183424816442
-105.537728037718,42.6433911356995
-94.484908756203,36.7674700280638
-111.937256489019,46.1856256311409
-101.123285732202,37.2596679347945
-97.3485764874212,33.2571513692713
-81.4986685218337,39.1679930529365
-79.8172510868524,37.9508311241357
-107.790291674198,42.8300119485616
-94.7005539052659,34.6207648623038
-114.634707593752,45.4681636176396
-105.980929470819,45.2523678747571
-81.0495692158097,32.2899401823705
-97.1193676921767,46.216708467753
-94.7494057782782,39.0426742095861
-116.77370496467,44.1527600770104
-92.4715439434221,31.7755250080717
-111.304117969462,41.1260660806021
-115.289658938245,35.0463046264235
-123.158670807318,43.96478733552
-84.7567228900062,46.3114040048163
-112.226707506958,43.5710677246738
-86.2942050915848,37.478298281756
-107.081461183574,32.2492945491063
-116.213137661081,42.8254874669889
-120.239378800615,46.2279303571651
-86.1279209730918,36.7566928121728
-79.243218084606,35.6035007955829
-79.9986842879244,38.5076729012017
-95.6925934325979,29.2476511737334
-105.132345869238,43.3463810878602
-85.321562780902,33.6020707216174
-112.980838431695,33.6653062178913
-98.4597569183317,35.5833851578343
-121.315094206587,42.5412847341857
-113.648193528804,47.1013378900076
-98.0129688535905,41.8064902671879
-117.408517393697,43.9035050284035
-113.091299486179,40.7427050896958
-82.4419266154697,43.4499699795489
-86.3265422017534,42.142977676941
-100.098992803633,30.8908196053658
-110.789046322135,39.0410027670355
-116.967868625436,43.0512580657124
-76.8900631342462,42.8095069884398
-86.6753213866106,35.8899062261594
-94.272957728047,43.6247385425881
-82.8683812693311,41.4211553593931
-99.4523473365647,44.8945701225204
-82.2084736158989,27.5990468367154
-116.381871988449,43.6635764629442
-118.503147586403,47.8487525287374
-123.904251012735,47.9208371045082
-94.1097638822212,39.7659677212745
-89.8346486334252,47.0411380220655
-120.573782228075,37.032269624401
-101.103634387618,36.9257719835705
-103.59063251762,47.5018656399385
-99.290743718194,35.3529344226991
-88.9142689982649,45.5353013408921
-112.28121655607,36.3077578432109
-103.181367304441,45.7305248395847
-96.6624606845354,29.2874476763855
-108.923631528086,45.1399681514462
-102.060011245418,37.7022261620232
-70.8445859289857,45.1760427699603
-82.5725545915741,44.8332990188004
-93.0753056613053,34.3375149914062
-114.319647375878,41.4883338317438
-114.713196613982,48.2700552782816
-85.9003277736843,36.1377350968576
-111.118881274093,35.8892536673908
-90.6582060906576,42.757552310865
-71.6867554749962,44.3888657193272
-82.8615780345184,34.9819209470124
-82.7347108773055,28.0935877529053
-101.35039210092,47.6752947862564
-92.4608465610386,47.154528397757
-91.4944660552609,45.7341612594661
-95.1384335093979,38.2975468412466
-100.186460023971,33.9002176707716
-103.894132733917,30.5065752136127
-79.7098788381109,32.9698288929192
-113.998332876135,32.7594281963165
-80.7753464809424,42.0733040721122
-86.9414049486413,32.3704681994141
-90.0416418857167,40.2153494539003
-115.969538789097,48.4621179832538
-94.1437704741692,33.0153210634309
-82.2649454106697,32.8579443811038
-118.124911363112,48.398484398745
-112.472321583991,35.8689685833351
-99.1194517599737,46.1948996117563
-75.558032298739,42.9624129191787
-76.5410726179818,39.6270557823906
-83.9300127283166,38.8148154830177
-87.8903937261239,36.8390051857929
-71.0941470974709,42.3232439927468
-97.7148865834948,40.7239489768836
-95.6533220468021,39.4979200431514
-116.131622778304,35.7713069484772
-85.3441045195276,40.7620693240317
-87.1052848847132,44.8237744700231
-92.9947143222132,35.6461272125202
-79.9937577750579,40.945387502962
-92.4789381202259,35.399344854859
-102.995876023564,29.8740803386886
-86.4321981886115,41.8496595364555
-103.715272680802,44.9774460009336
-75.4914072027238,42.9331988033247
-122.747802944924,44.6549387915674
-123.189176831711,43.1235863081213
-104.796033245612,41.8280386890858
-90.2168963313718,32.4186438873726
-96.4206586072719,42.3702570113158
-123.841505516163,39.997651466918
-104.70036187708,33.2356810527066
-95.1367864083183,48.6134442582358
-118.480220584822,48.6335203106499
-120.247529991471,47.7651156646782
-96.7039731145421,46.0179101128564
-106.523171731901,31.9419330176031
-102.99606941542,47.7683793327915
-107.272698382785,35.0203495467876
-114.98964941131,43.0149819539663
-96.9088811800401,33.9868238460026
-87.6283752959044,36.2322460818456
-96.5999684680422,43.4948940191622
-104.286077775133,40.7431599881256
-123.409701955781,38.793112633733
-122.901644417101,42.8271462065669
-77.7204774296151,36.9693037160089
-79.5828754452848,37.7892229565581
-111.848073612409,41.6414073097128
-109.664325635094,32.9405364401372
-104.434194377331,33.7085746270862
-75.7917027127453,44.1791686539279
-100.238049905778,33.3969186570866
-121.752828221777,40.7505895596429
-107.255335091302,44.8446902734614
-112.274800522169,35.5510887415143
-100.471491156491,40.7229289293379
-114.190108746358,48.672719403036
-107.713926909416,39.6002736836525
-104.79109161938,40.4907766559128
-91.811832979063,40.6222209143615
-87.8761057016077,40.1203854058709
-107.363560081045,44.3604716399934
-85.396032399698,45.5608854983585
-122.456633404154,42.1143615792894
-94.3669982797122,40.4380648371651
-77.0816709809943,43.2484538427606
-98.8260386583412,36.8396184197711
-119.697521735199,36.9929997277066
-96.8365009334841,38.3760704230021
-75.8957011550945,42.5859580782599
-95.2827554861392,40.4869279389038
-76.6256804515733,42.0963913601398
-90.2917806189136,31.4332177667176
-83.9052653266346,34.1224203842934
-102.362665194025,38.6650750473728
-84.4442503547588,39.7359192679239
-95.155318771741,45.7165724653083
-116.663112775166,45.0582365537985
-116.397827368377,43.6157565798071
-88.0921180529531,47.1485545382703
-91.1138900865844,39.1551753135037
-95.1331186113134,37.8927333955215
-113.598437922324,34.257933253187
-78.0085637631829,35.5325267282715
-123.277469405965,40.6615787417968
-84.0979285788218,30.1507251212085
-80.3451455159432,42.2906443667757
-87.2961948788991,46.1140910060798
-111.202263592777,39.6145572384374
-76.4890212065763,40.79258559301
-97.9714669612194,35.0147164963616
-97.9016683546363,32.4623218313735
-111.71041889057,43.3068190575341
-81.9333584388486,28.8481228536246
-87.3981953693896,42.9444917923285
-83.697747453512,38.1305690275446
-116.410400880553,37.7600423293066
-101.323437071309,45.5964708266207
-92.9243772061145,31.6667864910715
-96.6163000402146,29.853887249862
-96.2205643974915,38.7294836058511
-76.9862547497498,35.2535481653435
-90.6776524560235,40.9188858886391
-112.759713160343,44.5833263448767
-100.49378682854,34.9179816632087
-83.0144027257953,42.7401495278294
-118.301118367959,40.2157095374349
-113.384041449434,39.9711532512483
-82.244411515553,40.8422307091989
-82.032413168972,30.5075718990369
-90.2913721812345,36.3013671247339
-108.519976334079,45.5261810812994
-93.7703929622015,32.4155961871639
-77.8501665333414,36.7673322870796
-113.053539477255,40.2323369875291
-114.247370446599,38.4320518618484
-90.8983628433012,36.6826035000407
-121.172747801005,40.1428688047689
-121.815657144662,44.1493034673016
-97.8417659605968,45.269540273114
-97.6418959346398,40.1475339454198
-107.707331076266,41.2406231322725
-99.916710104944,41.6212639674408
-94.4259442924797,40.4094258521613
-121.47854734823,38.0902107454803
-123.118213809666,38.5895219231832
-106.653102541802,39.3140576396919
-120.919446121791,40.6082748336727
-99.4630291345523,35.214508635958
-91.2988829628677,45.6000399913834
-83.8991108764155,43.8447860700019
-82.7823518912022,33.5673295504697
-121.846800473952,43.3442286982589
-94.3900463362515,38.5404171581012
-91.8561413008416,31.974193716221
-111.298646218066,42.0929914795677
-96.9915999372161,38.3561513339374
-122.017451803143,37.8130363173214
-85.3888881788405,42.7185048551488
-86.8088556506873,30.6320583908157
-100.538771550785,40.815259351222
-95.2828518994488,36.808267245889
-85.5492643443476,45.0854945971403
-91.7659250630421,36.1563178667809
-73.9272181106474,41.0520718902282
-119.139343298796,41.103790723278
-106.51702527575,32.5974516714815
-72.4729665557819,44.2244082645627
-118.433603847947,40.9692563190908
-75.4411226553853,41.6684083697178
-108.652548591428,33.9650443272722
-76.0087407945789,44.3104499044039
-72.8881795038763,44.5242450043625
-90.5701059796569,34.6949975431729
-120.939167246248,40.3241325413123
-90.0104315623654,40.8434754384021
-68.4240260168283,44.87820642412
-106.950551678991,42.3334574838297
-76.8181109067994,38.4367201637678
-90.2490831961204,30.0652589885589
-91.8201065706791,39.8415622488175
-113.787070670205,39.7231957933488
-76.2903741788758,35.7797463484215
-97.5940898849509,40.7702283900973
-112.216405898249,38.0969112045807
-99.902169944281,45.4194591583123
-87.6451936853085,40.5426397724988
-118.413407184085,33.9523390560453
-98.0186825399483,26.50463685915
-84.8612989374411,43.4561125095001
-100.151201916206,31.6074820842733
-117.240537186904,42.8220306025259
-106.546450257162,32.0594297942147
-97.0859557566354,29.3324282193307
-122.549842841867,41.0219595688323
-119.71150453165,34.8919461043933
-85.600090469632,34.6655980820316
-105.73751076145,43.554318641011
-88.2895460255992,40.6680885405101
-77.2383491093086,39.625974014841
-95.942310700745,48.2737461113521
-76.0545853232899,36.4952399685694
-120.218968409818,44.7475322472015
-109.060134269681,41.7416628753739
-80.8036600446049,27.2461745260614
-104.151594841235,48.3965065215861
-81.9591655256224,29.8807088065575
-84.2731358944643,38.3318620401501
-85.4293389857994,32.194095530001
-72.8912328477159,44.9386681446789
-123.149156547055,44.4880486017433
-110.452399616432,44.9554639699542
-88.9966835367275,31.0208445469005
-83.7200027649367,43.1327223103679
-106.979719598618,38.3393434309952
-122.393405571873,40.7663139522849
-84.0719329585397,39.2044595297864
-116.430669181495,36.4909214963266
-97.9343591956018,48.5762623446396
-118.357749613441,44.3704584750734
-114.184095551596,42.3449992345563
-117.272281538248,47.5098929054255
-87.606500671706,37.5564556369259
-101.455615492939,30.5872835792867
-105.087641437333,35.2683940495781
-106.718342093504,47.8966593525477
-87.0812600041579,44.040644456783
-91.3810466167801,37.9417569345309
-118.050009755089,39.4624560879136
-96.2019699387295,36.058801586585
-83.5660903285805,39.6771293430977
-103.425375919532,44.7171547845433
-75.1904139612623,44.823158184784
-101.40212675073,34.6111004302908
-101.257531051166,33.2927220491649
-90.9425368539646,36.1550453056772
-110.582142094696,45.5489725822879
-92.1724480954371,43.2129275595828
-67.8865293927226,45.2538975292051
-119.986250016683,40.031963064523
-101.1853812195,36.7939558244645
-119.835437677354,37.4900906122243
-97.6784719466717,46.2312046728476
-114.883540238831,38.2108748120453
-98.5094546283775,39.8912106652317
-112.779489314675,41.7836178933088
-107.617085446134,46.531589996948
-80.6735888405596,33.9583499533242
-94.8659424458555,33.5947680119204
-96.0458796166859,43.2240656580103
-116.498080912681,42.9145255724877
-108.93303210839,44.2130041042837
-117.91499905118,40.6193190551638
-78.2385893664954,38.3541933970874
-81.8120862951063,31.0430162366197
-98.2345092108871,40.1371815264296
-116.003645602976,35.5181345092247
-97.3845681115214,46.9900919428475
-92.76263803849,37.7898776459985
-109.115190199202,40.3325612242089
-78.6960233097486,40.6260127111681
-120.513131190877,40.3897159105355
-94.7610876692114,37.6671067155724
-73.8785658336421,42.11432574579
-115.838295942628,47.1912138185042
-83.8100482876563,44.8680799605585
-98.6429573737536,30.5639681067308
-89.4291204991772,32.7361792783051
-99.6553382387436,28.7421674919273
-96.9676176647762,28.3932858021824
-88.5159757919803,37.3469392849187
-80.2994772739355,38.5693022183287
-91.5891597788367,38.1197004591
-103.18129655559,36.5367646081698
-79.6088169373799,41.7070326091675
-80.4792254895802,35.9477926998223
-96.0688362259278,29.5490266754452
-116.958732132008,35.1198112345569
-83.6780539583857,41.009155117149
-93.1193955996703,42.3105308009791
-118.856934826316,37.3909008803932
-93.6908113250868,35.8365061483106
-84.7803937033138,33.143578323212
-109.752166019621,35.4992802233933
-73.8498035389659,41.6237784033423
-95.3100452572696,43.0321695449396
-73.105681685791,44.5174122467548
-101.658487466529,33.6495220564313
-103.577762094439,38.0534008772881
-98.4934196038429,42.9776552299558
-96.885520951093,37.036122631703
-92.6769867098139,44.6830946641097
-121.891359451494,40.821699665717
-100.911160503337,44.4252904859607
-97.5934594840229,36.6296886884848
-98.4839724453057,31.849619884268
-99.1468521560908,46.3076466403608
-97.820063895228,44.0338193360125
-98.1033644196075,47.9358269017273
-97.0187799715896,28.5020740309981
-77.3516782175083,38.8399688221196
-112.226111047175,42.9673251193309
-105.640244724315,46.6444146850658
-88.6985976598804,46.5031513819416
-96.4387046244938,40.8853999147779
-103.570616110579,30.9682627396619
-102.388600347389,43.6261830106931
-90.8179044426056,36.0753063030355
-80.1787570573623,39.7921150593014
-103.81589847415,36.9953506866561
-109.497049633053,34.695778897578
-113.71059593988,45.6621483043751
-101.477914960152,44.0149045865788
-106.012926765791,35.2126100800048
-99.1249616783359,39.2876708384719
-97.6535378417731,32.1920637491615
-113.138111499035,41.0667799408406
-122.917466266479,42.7043784431992
-122.695006497112,38.0362341066838
-103.135693046695,31.2738166161556
-83.9264346828977,32.5344861336409
-114.542532647703,44.3128544659609
-92.4042413568404,46.4948455079569
-82.5628018550626,29.2271449166808
-106.991180481822,37.5390368622721
-100.82831450051,46.0654088840672
-114.816993603116,37.7589280284829
-93.5388121761377,38.1469998594764
-97.2220691709498,42.1781647027432
-100.495655623708,31.8551603141591
-113.055955341244,38.9695086652676
-120.141656374849,38.3659112061515
-82.1451027920751,36.7853446275265
-113.35129049146,34.9816036737694
-84.028368758022,35.535461086004
-83.0843765020654,39.526959206533
-89.3497288759539,46.3184769493508
-108.101487863568,47.6757547739811
-97.5516952812362,40.5992153445454
-74.2978496870415,42.2180065516496
-97.3104534616609,29.4000706338867
-94.7127926490063,34.1048663177701
-106.001878519171,36.0012048437581
-93.1521459520338,46.1823303098137
-95.1466008095122,30.5393260767527
-94.5910593121168,39.0417300788031
-115.642746374182,39.1633534050789
-67.7942395824074,45.7456380073331
-101.965648777733,33.2970839685849
-83.3588719369456,40.7172761701977
-111.749761886531,47.472544388348
-118.551647626201,35.4691855205689
-122.685676060048,45.3925182955756
-88.3940078143799,46.6928235484197
-89.5498213631067,33.6547313810823
-115.883614975736,40.508112259098
-123.959247646187,48.0667641702945
-85.1909030303945,45.6423872266261
-108.945408016348,36.5451706700481
-70.6031094956155,43.5898245612195
-99.4539931725897,34.844933323209
-101.294981956113,29.5991665938412
-107.847192282101,40.760292980634
-90.8877728425198,36.2565996547589
-98.5087192682925,27.3564597834131
-99.6314495265115,31.1351575903306
-115.063135019503,44.2326363227077
-83.6608611262802,37.5471089529251
-83.687759766755,31.8552531489191
-86.5232098227572,43.1435709674528
-113.610350901049,46.4618037096881
-92.2971382417344,48.3238996359403
-111.624422296196,32.8709159978858
-105.943129585759,44.7398884968491
-105.144423964503,33.5541777066446
-86.6347551770652,37.8034907918486
-99.0377160578804,26.9227633849729
-113.494122395387,44.9813733385742
-83.3418572218352,30.7025094708375
-88.2971410230906,30.953860266757
-105.1184182507,44.5304057666113
-102.503980997313,41.6542952107784
-103.82012238377,37.362488823516
-106.232291552181,36.0798432038772
-75.0746551542211,44.066401216035
-121.297007169297,46.6465014059726
-116.150278309595,38.2260699180202
-78.1368889631039,34.5594514230615
-85.7594510385458,34.4157906393901
-115.570548295487,39.8638150314423
-90.8847459302463,43.7697355006542
-118.067199895589,41.3288736187279
-82.8260002716824,36.0391108904838
-116.601147023253,35.8516197039803
-92.1972551700134,40.8801418741688
-120.397045582552,37.6829059654311
-111.883168891498,36.2509397161811
-79.8922932908899,37.7649313757725
-80.2715318949915,26.0525214167029
-88.9710244747991,31.1158707723334
-82.1764326496273,27.9386427113526
-102.316356955516,45.663961772413
-98.6163508666835,38.5958012561598
-87.9572264122146,35.4396779220437
-104.906471771357,43.7325129653369
-100.495404147005,33.512624343504
-108.752018420954,47.7022494752003
-119.022962327139,40.359117159083
-81.0224093550195,33.775413807322
-102.372912782211,39.4488837664301
-96.5582520277954,42.7657471351617
-94.0043369106184,46.751436725914
-87.7789240732211,38.0706966230149
-96.4496725536058,34.1415057437978
-104.546120203537,37.06180888772
-96.5518404619594,45.9419691137608
-83.299852685592,36.7169603454721
-92.2836867278385,43.5002463304188
-104.544637290394,41.3487899402352
-72.8241557503863,42.6013635417564
-77.8870954686885,39.5550009723364
-101.049176263682,34.4332622118596
-111.212577138756,41.4730093048266
-109.799495978126,31.7667630603137
-85.5720778543822,43.2813895995782
-78.402116877199,41.9946642818954
-83.4804421759989,44.4134360765166
-91.2443418971078,39.8739545858977
-109.121909913495,35.1996242722539
-84.1411973218019,45.291262692156
-100.155634506002,34.1028238777816
-102.914300673869,43.3609959447408
-115.940029250897,41.4566320233934
-83.3711623460539,44.9086451551722
-98.488577782344,34.453075438959
-115.69688945915,40.4442730705501
-87.9840003640638,35.1430755362503
-115.789502033341,41.737289677289
-107.592496876094,47.2821990569574
-113.090390059965,46.7508757918228
-88.024886040268,32.4214998502785
-112.547599128557,32.8483449635301
-75.8956809949692,38.5026696958881
-96.7791549456157,39.1257884858566
-99.1017506854567,46.8397283204395
-98.8220421893867,42.7691515376214
-82.3406864900795,33.137738024424
-102.230639171099,36.4427698363246
-80.1834979705704,33.4763656187346
-107.208673916019,39.8893583182233
-100.342544855139,36.0704066784788
-91.2403985469882,44.5091785782268
-76.9567219560785,37.9127092368824
-98.0493898695187,38.8045350147299
-121.270423540874,37.0850155338976
-106.230215234228,37.3103836556654
-96.9673098258533,43.9554932351098
-92.6892253728061,36.6074970816163
-87.3012050872392,35.6451601422761
-106.992979214499,33.2274924640988
-103.081349665902,36.9168096021265
-82.0686267966952,29.9071182751148
-99.0622546178904,33.2965356795676
-116.196562417861,35.9888201402097
-81.4943628816116,27.0626315380965
-106.15066220888,37.5842218107534
-95.3839034644145,34.6996524357556
-104.44748812277,33.1555763271978
-72.3189924951174,43.2897471481439
-78.214444830617,35.4358287418451
-119.244120395705,46.7037348576774
-112.82389905615,35.4550462724796
-76.9779124279868,39.5623654657258
-110.086996483753,33.0979573744333
-87.0975407991922,35.7650069630378
-92.8577897925765,44.1329561484407
-123.029721464451,46.706643618399
-101.779582731414,37.9991872475726
-111.963266213314,38.652127250112
-99.5184511358816,38.0214422013982
-72.8434362051882,42.5657343783957
-101.125272042867,30.6864972059073
-83.9654880755627,34.9861469724164
-119.75617351511,47.0788124219212
-82.2432183537437,26.868720365328
-89.1421944629154,46.083145464632
-101.306362723679,36.3628892366459
-78.7304703291072,34.3772734719884
-96.984829728403,32.0712261775913
-108.888594037768,43.0020651846136
-91.984052854827,33.3547626843775
-114.69344693159,41.3173107118198
-70.4702414039041,43.3806112162181
-88.7830920288414,43.100968931654
-87.9515634087887,43.6960716223084
-89.526906783285,34.91806250715
-98.1802092187753,32.4689711717203
-121.915953889235,42.7797734981744
-95.9255371131148,31.0537486620838
-109.223364075356,47.0535794142215
-81.4672674578575,39.087879028898
-83.090481440201,30.2916451140487
-119.915456350456,39.7150162079873
-81.9459146574597,37.366946582638
-98.4137540693843,46.039265361564
-103.429180611594,45.8618135242526
-109.012715568942,36.9246516323337
-94.0935667557444,33.8355233417276
-82.8245130250544,40.9849832940144
-99.4013712215629,38.2264368393901
-98.4268791857372,28.4054812233325
-100.158332369501,43.5129638124794
-78.2516197114181,37.4737730938193
-96.4659193805785,36.4804916725774
-103.254125398579,44.0690841429151
-119.512037546703,44.2348791500632
-104.728367547988,31.5840263637199
-102.694986381999,32.3211508129717
-107.540131959936,33.4740855393617
-77.7459901354935,42.4927034832714
-109.907535543165,32.6945629966578
-89.9175398013926,33.308572915706
-84.6332448678791,35.8625887440221
-120.082840433918,42.9424436261596
-96.4077602048515,33.9889191359155
-79.4343131266712,35.7890640830771
-86.8959201933816,38.2250920323007
-74.3609356717116,42.3891333912874
-86.0014493069354,41.5347577079797
-85.0391835930907,30.5616118500512
-90.5060130788212,45.883487916331
-114.666228878289,39.3428147785531
-111.953119627625,44.4671198695275
-109.617049414493,42.3218782726505
-87.1608039587954,41.1878771243482
-97.3475066011446,37.1451802747043
-98.6940138600961,29.424402274776
-92.7181855004878,43.5031856037501
-95.3849413744176,32.151332454785
-85.0102075714784,33.6393539926608
-103.533529326027,40.2125854804335
-100.520721428865,44.5513179861206
-94.3307311563294,42.5331454173634
-92.5664197944851,44.1742359518495
-111.98847503693,36.9310180681
-70.4860425817515,43.6847807987156
-87.2482339003966,39.5241052527116
-102.895107319422,45.8810901115512
-87.7556208121048,42.0631388627471
-105.042661721475,37.3294175663936
-80.2615241557733,32.8677869905463
-121.175929413305,41.1798200005066
-101.039725336897,47.5196453144984
-122.8458851576,45.4796208768074
-99.3190571741924,29.0710688589526
-88.9139243247205,37.3873452060253
-68.8706524506583,46.273988371577
-107.994716609964,37.6915665673216
-108.033108823192,47.5564935405729
-121.545180155695,42.0239307439552
-90.6796915625305,34.6383839143172
-114.977532785711,42.8126278899625
-112.961551019093,43.8540365147997
-85.6141573922131,44.3598546541801
